{"fu02l21z539axn7j550878h42oj0c0405d": 9.545324082105598, "uk0mig2i8wr7sa2q6b22xjydv7ch65t0py": 6.174749396682197, "0w976djt5o185s1oc94xc43b0r3y1wgvmw": 5.96623345133311, "x1w4nwf6lwksn5blp3u6h2753g25f013rv": 0.5989481490273911, "u3u3l66n895h80mfe0u6jommxa534g71bm": 0.11482614087511749, "4ussfhgl5qmu76g4o040k9by45f966a92v": 2.8900076233297427, "fo03fdw10nc4ktmkl571ltza5t5u6v593o": 7.494813582108022, "menom1ip56fy054093qf4a5mlhm05seuk5": 4.600151530504669, "u48t76v3rpys468yiydi82l9l8bh7j83mk": 6.325091975277764, "k7s08lpky03u4661tg5sgn05o1roezbdd9": 1.9511832259388269, "kolmim628li68ys37g4416q87wzie4yg4c": 1.1173699990736725, "3ci8c654nmjv32ya2j8sdjog2gh7u8g6kz": 2.723359254979569, "64604s948e37jl5n2y410j4ptgv4mc63x1": 6.834313748923529, "l4lwy3yi3018b7pm1089hha38jj85d6zo2": 8.435472381300139, "kb2854k2835595msa51m6oz80q34msnn90": 4.656812631224874, "694c6gs452w493i48dx4427319xy6t83y2": 9.277463214955347, "v5xf79685lary4h7o80b8573t65k24lw4p": 4.185851014336689, "c6gc8mnd388khid9trpr7k30g4547rv0ts": 9.750453507777342, "b0k5u6tf4e46klmk9ublakgdy826x7j8d6": 2.9278633654789825, "b8bjrploilitm8t405vay3w0z91524049c": 6.251973618896519, "vdyl684104e9xc39ed7905v4feuicih006": 1.4221809236414067, "2j39636794i8ad6i5g7g4h9dp4k5903v1l": 1.2584377735562138, "4r39314t8767vv740mp94q2louo2svf352": 4.313507791144304, "3755u9z0uy89mw3op0z61ty5cb41363w1t": 9.226060809601146, "1ee72q937ak0k5iy5pep90gg42tsa7woom": 3.0538694881648265, "1n55i995ptqtpg112j62s155l15d2s0c66": 6.828283143580178, "2g6avji0892697id7tygp76mado8992vja": 6.4354733931822485, "qz21fr8j417ey992513fub41870ge3xb19": 5.107675287630082, "p477li6pmb6pxfv795k4x94480q5owg8n5": 2.329685183821675, "z94pi1wsi6vhwlnjgxo6744f3062prl874": 8.888043917972235, "0285q1px3767syy95891s1psmv004i607p": 8.654283683087353, "ppk4733ok6f2172854u4ow6vy73xu2j537": 3.6146120191535425, "qs3729sd82mlowl8hb5j455j925pce2rg9": 1.051080926553837, "qprvnp3du58g706t27293expagmd6n25a1": 5.5594053335598765, "19u38q611g5j8bt01360t43kh247y4gaoo": 1.9277195201815358, "hw0g308a34c6b42r392797r0l69303a425": 4.275149162933321, "kk23yg95bd89e263rw82a81lqgqf2gh10r": 9.487499771283339, "918of1bi32d9p1o8arc23g62jx06s8q580": 2.288770959518673, "n2249403xvuotpljo25vf7728yey06po44": 9.13815993934715, "39c96k1n7f6jus4q559d696lja987p65o5": 5.326288561548419}